# Name,   Type, SubType, Offset,  Size, Flags
#
# Custom partition table for the 8MB XIAO ESP32-S3 flash.
# Based on Espressif's own esp_sr reference layout (framework-arduinoespressif32-libs/
# esp32s3/esp_sr/partitions.csv), but collapsed from OTA dual-app-slot to a single
# app partition — this project is flashed over USB, not updated OTA, so the second
# 3MB app slot is wasted space we need for the speech-recognition model instead.
#
# model: holds srmodels.bin (WakeNet "Hi ESP" + English MultiNet commands, ~3.2MB),
# flashed automatically by flash_sr_models.py on every upload. Must stay >= that size.
nvs,      data, nvs,      0x9000,  0x5000,
app0,     app,  factory,  0x10000, 0x300000,
model,    data, spiffs,   0x310000,0x3E0000,
coredump, data, coredump, 0x6F0000,0x10000,
